[pl](https://www.bulk.com/pl/products/elektrolity-w-proszku-pl/bpb-elec-0000)[eu](https://www.bulk.com/eu/products/electrolyte-powder/bpb-elec-0000)[ie](https://www.bulk.com/ie/products/electrolyte-powder/bpb-elec-0000)[es](https://www.bulk.com/es/products/electrolitos-en-polvo/bpb-elec-0000)[pt](https://www.bulk.com/pt/products/eletrolito-em-po/bpb-elec-0000)[de](https://www.bulk.com/de/products/electrolyte-powder/bpb-elec-0000)[dk](https://www.bulk.com/dk/products/elektrolytpulver/bpb-elec-0000)[ch](https://www.bulk.com/ch/products/electrolyte-powder/bpb-elec-0000)[at](https://www.bulk.com/at/products/elektrolytpulver-aut/bpb-elec-0000)[fr](https://www.bulk.com/fr/products/electrolytes-en-poudre/bpb-elec-0000)[cz](https://www.bulk.com/cz/products/elektrolyticky-prasek/bpb-elec-0000)[nl](https://www.bulk.com/nl/products/elektrolytenpoeder/bpb-elec-0000)[ro](https://www.bulk.com/ro/products/pulbere-cu-electroliti/bpb-elec-0000)[it](https://www.bulk.com/it/products/elettroliti-in-polvere/bpb-elec-0000)[se](https://www.bulk.com/se/products/elektrolytpulver-se/bpb-elec-0000)[uk](https://www.bulk.com/uk/sitemap)

SITEMAP
=======

Style

content-title

Categories
----------

[Home](/uk/) [Sports Nutrition - Pre Workout](/uk/sports-nutrition/pre-workout) [Sports Nutrition - Amino Acids](/uk/sports-nutrition/amino-acids) [Sports Nutrition - Post Workout](/uk/sports-nutrition/post-workout) [Trackmyorder](/uk/trackmyorder) [Health Wellbeing](/uk/health-wellbeing) [Shop By Goal](/uk/shop-by-goal) [Shop By Sport](/uk/shop-by-sport) [Vegan Diet](/uk/vegan-diet) [Weight Loss](/uk/weight-loss) [Vitamins](/uk/vitamins) [Foods](/uk/foods) [Sports Nutrition](/uk/sports-nutrition) [Vegan](/uk/vegan) [Components - Modal](/uk/components/modal) [Foods - Egg Whites](/uk/foods/egg-whites) [Shop By Goal - Increase Mass](/uk/shop-by-goal/increase-mass) [Shop By Goal - Lean Muscle Supplements](/uk/shop-by-goal/lean-muscle-supplements) [Shop By Goal - Sports Performance Supplements](/uk/shop-by-goal/sports-performance-supplements) [Shop By Goal - Weight Loss Supplements](/uk/shop-by-goal/weight-loss-supplements) [Shop By Range](/uk/shop-by-range) [Shop By Range - Performance](/uk/shop-by-range/performance) [Shop By Range - Wmn](/uk/shop-by-range/wmn) [Shop By Range - Macro Munchtm](/uk/shop-by-range/macro-munchtm) [Shop By Range - Bulk Wear](/uk/shop-by-range/bulk-wear) [Shop By Range - Health Well Being](/uk/shop-by-range/health-well-being) [Shop By Range - Foods](/uk/shop-by-range/foods) [Shop By Range - Pro Series](/uk/shop-by-range/pro-series) [Shop By Range - Vegan Protein Supplements](/uk/shop-by-range/vegan-protein-supplements) [Shop By Range - Wmn Clothing](/uk/shop-by-range/wmn-clothing) [Shop By Range - Accessories](/uk/shop-by-range/accessories) [Shop By Range - 1 Complete Shake](/uk/shop-by-range/1-complete-shake) [Shop By Range - Bulk Labs](/uk/shop-by-range/bulk-labs) [New Products](/uk/new-products) [Best Sellers](/uk/best-sellers) [Special Sale](/uk/special-sale) [Boxing Day Sale](/uk/boxing-day-sale) [Cyber Monday Sale](/uk/cyber-monday-sale) [Protein - Whey Protein](/uk/protein/whey-protein) [Protein - Clear Protein](/uk/protein/clear-protein) [Protein - Beef Protein](/uk/protein/beef-protein) [Protein - Collagen](/uk/protein/collagen) [Protein - Dairy Free Protein](/uk/protein/dairy-free-protein) [Protein - Diet Protein](/uk/protein/diet-protein) [Protein - Egg Protein](/uk/protein/egg-protein) [Protein - Gluten Free Protein](/uk/protein/gluten-free-protein) [Protein - High Protein Foods](/uk/protein/high-protein-foods) [Protein - Informed Sport Protein](/uk/protein/informed-sport-protein) [Protein - Lactose Free Protein](/uk/protein/lactose-free-protein) [Protein - Mass Gainers](/uk/protein/mass-gainers) [Protein - Milk Protein](/uk/protein/milk-protein) [Protein - Natural Protein](/uk/protein/natural-protein) [Protein - Paleo Protein](/uk/protein/paleo-protein) [Protein - Protein Bars](/uk/protein/protein-bars) [Protein - Protein Blends](/uk/protein/protein-blends) [Protein - Protein Samples](/uk/protein/protein-samples) [Protein - Slow Release Protein](/uk/protein/slow-release-protein) [Protein - Protein Snacks](/uk/protein/protein-snacks) [Protein - Protein Smoothies](/uk/protein/protein-smoothies) [Protein - Unflavoured Protein](/uk/protein/unflavoured-protein) [Protein - Vegan Protein](/uk/protein/vegan-protein) [Protein - Vegetarian Protein](/uk/protein/vegetarian-protein) [Protein - Chocolate Protein Powders](/uk/protein/chocolate-protein-powders) [Protein - Vanilla Protein Powders](/uk/protein/vanilla-protein-powders) [Protein - Banana Protein Powders](/uk/protein/banana-protein-powders) [Protein - Peanut Protein Powders](/uk/protein/peanut-protein-powders) [Protein - Cookie Protein Powders](/uk/protein/cookie-protein-powders) [Protein - Coconut Protein Powders](/uk/protein/coconut-protein-powders) [Protein - Strawberry Protein Powders](/uk/protein/strawberry-protein-powders) [Protein - 1kg Protein Powders](/uk/protein/1kg-protein-powders) [Protein - 5kg Protein Powders](/uk/protein/5kg-protein-powders) [Sports Nutrition - All In One Supplements](/uk/sports-nutrition/all-in-one-supplements) [Sports Nutrition - Amino Acids - Arginine](/uk/sports-nutrition/amino-acids/arginine) [Sports Nutrition - Amino Acids - Bcaa](/uk/sports-nutrition/amino-acids/bcaa) [Sports Nutrition - Amino Acids - Eaa](/uk/sports-nutrition/amino-acids/eaa) [Sports Nutrition - Amino Acids - Glutamine](/uk/sports-nutrition/amino-acids/glutamine) [Sports Nutrition - Amino Acids - Hmb](/uk/sports-nutrition/amino-acids/hmb) [Sports Nutrition - Amino Acids - Other](/uk/sports-nutrition/amino-acids/other) [Sports Nutrition - Amino Acids - Carnitine](/uk/sports-nutrition/amino-acids/carnitine) [Sports Nutrition - Carbohydrates](/uk/sports-nutrition/carbohydrates) [Sports Nutrition - Carbohydrates - Fast Release Carbohydrates](/uk/sports-nutrition/carbohydrates/fast-release-carbohydrates) [Sports Nutrition - Carbohydrates - Slow Release Carbohydrates](/uk/sports-nutrition/carbohydrates/slow-release-carbohydrates) [Sports Nutrition - Creatine](/uk/sports-nutrition/creatine) [Sports Nutrition - Diet Nutrition Test](/uk/sports-nutrition/diet-nutrition-test) [Sports Nutrition - Endurance Hydration](/uk/sports-nutrition/endurance-hydration) [Sports Nutrition - Male Support](/uk/sports-nutrition/male-support) [Sports Nutrition - Informed Sport](/uk/sports-nutrition/informed-sport) [Sports Nutrition - Intra Workout](/uk/sports-nutrition/intra-workout) [Sports Nutrition - Post Workout - Amino Acid Powders](/uk/sports-nutrition/post-workout/amino-acid-powders) [Sports Nutrition - Joint Support](/uk/sports-nutrition/joint-support) [Sports Nutrition - Post Workout - Carbohydrate Powders](/uk/sports-nutrition/post-workout/carbohydrate-powders) [Sports Nutrition - Post Workout - Growth Recovery](/uk/sports-nutrition/post-workout/growth-recovery) [Sports Nutrition - Post Workout - Protein Drinks](/uk/sports-nutrition/post-workout/protein-drinks) [Sports Nutrition - Pre Workout - Energy Performance](/uk/sports-nutrition/pre-workout/energy-performance) [Sports Nutrition - Pre Workout - Mental Focus](/uk/sports-nutrition/pre-workout/mental-focus) [Sports Nutrition - Pre Workout - Nitric Oxide Pump](/uk/sports-nutrition/pre-workout/nitric-oxide-pump) [Sports Nutrition - Weight Gain Supplements](/uk/sports-nutrition/weight-gain-supplements) [Sports Nutrition - Keto Supplements](/uk/sports-nutrition/keto-supplements) [Health Wellbeing - Multivitamins](/uk/health-wellbeing/multivitamins) [Health Wellbeing - Antioxidants](/uk/health-wellbeing/antioxidants) [Health Wellbeing - Digestive Aids](/uk/health-wellbeing/digestive-aids) [Health Wellbeing - Essential Fatty Acids](/uk/health-wellbeing/essential-fatty-acids) [Health Wellbeing - Fish Oils](/uk/health-wellbeing/fish-oils) [Health Wellbeing - Fruits Vegetables](/uk/health-wellbeing/fruits-vegetables) [Health Wellbeing - Greens Supplements](/uk/health-wellbeing/greens-supplements) [Health Wellbeing - Hair Skin Nails](/uk/health-wellbeing/hair-skin-nails) [Health Wellbeing - Heart Health](/uk/health-wellbeing/heart-health) [Health Wellbeing - Immune Support](/uk/health-wellbeing/immune-support) [Health Wellbeing - High Fibre Supplements](/uk/health-wellbeing/high-fibre-supplements) [Health Wellbeing - Joint Care](/uk/health-wellbeing/joint-care) [Health Wellbeing - Libido Support](/uk/health-wellbeing/libido-support) [Health Wellbeing - Liver Health](/uk/health-wellbeing/liver-health) [Health Wellbeing - Mood Cognition](/uk/health-wellbeing/mood-cognition) [Health Wellbeing - Omega 3](/uk/health-wellbeing/omega-3) [Health Wellbeing - Organic Powders](/uk/health-wellbeing/organic-powders) [Health Wellbeing - Superfood Powders](/uk/health-wellbeing/superfood-powders) [Weight Loss - Fat Burners](/uk/weight-loss/fat-burners) [Weight Loss - Diet Shakes](/uk/weight-loss/diet-shakes) [Health Wellbeing - Probiotics](/uk/health-wellbeing/probiotics) [Weight Loss - Weight Loss Bundles](/uk/weight-loss/weight-loss-bundles) [Foods - Nut Butters](/uk/foods/nut-butters) [Foods - Nut Butters - Peanut](/uk/foods/nut-butters/peanut) [Foods - Nut Butters - Almond](/uk/foods/nut-butters/almond) [Foods - Bars Flapjacks](/uk/foods/bars-flapjacks) [Foods - Nut Butters - Hazelnut](/uk/foods/nut-butters/hazelnut) [Foods - Baking Ingredients](/uk/foods/baking-ingredients) [Foods - Beef Snacks](/uk/foods/beef-snacks) [Foods - Nut Butters - Cashew](/uk/foods/nut-butters/cashew) [Foods - Nut Butters - Pistachio](/uk/foods/nut-butters/pistachio) [Foods - Breakfast](/uk/foods/breakfast) [Foods - Cheat Foods](/uk/foods/cheat-foods) [Foods - Chia](/uk/foods/chia) [Foods - Coconut](/uk/foods/coconut) [Foods - Dried Fruits](/uk/foods/dried-fruits) [Foods - Drinks Beverages](/uk/foods/drinks-beverages) [Foods - Flour](/uk/foods/flour) [Foods - Fish Snacks](/uk/foods/fish-snacks) [Foods - Flavourings Sweeteners](/uk/foods/flavourings-sweeteners) [Foods - Healthy Oils](/uk/foods/healthy-oils) [Foods - Konjac](/uk/foods/konjac) [Foods - Long Lasting](/uk/foods/long-lasting) [Foods - Meat Snacks](/uk/foods/meat-snacks) [Foods - Nuts Seeds](/uk/foods/nuts-seeds) [Foods - Organic Foods](/uk/foods/organic-foods) [Foods - Protein Snacks](/uk/foods/protein-snacks) [Accessories Clothing - Capping Kits](/uk/accessories-clothing/capping-kits) [Accessories Clothing - Empty Capsules](/uk/accessories-clothing/empty-capsules) [Accessories Clothing - Empty Tubs](/uk/accessories-clothing/empty-tubs) [Accessories Clothing](/uk/accessories-clothing) [Foods - Zero Calorie Foods](/uk/foods/zero-calorie-foods) [Foods - Superfoods](/uk/foods/superfoods) [Accessories Clothing - Measures Scoops](/uk/accessories-clothing/measures-scoops) [Accessories Clothing - Shaker Bottles](/uk/accessories-clothing/shaker-bottles) [Accessories Clothing - Training Accessories](/uk/accessories-clothing/training-accessories) [Accessories Clothing - Bags Backpacks](/uk/accessories-clothing/bags-backpacks) [Accessories Clothing - Mens Gym Clothing](/uk/accessories-clothing/mens-gym-clothing) [Accessories Clothing - Gym Clothing](/uk/accessories-clothing/gym-clothing) [Accessories Clothing - Clothing](/uk/accessories-clothing/clothing) [Accessories Clothing - Bulk X New Era](/uk/accessories-clothing/bulk-x-new-era) [Accessories Clothing - Bulk X Castore](/uk/accessories-clothing/bulk-x-castore) [Accessories Clothing - Hoodies](/uk/accessories-clothing/hoodies) [Accessories Clothing - T Shirts Tops](/uk/accessories-clothing/t-shirts-tops) [Accessories Clothing - Joggers](/uk/accessories-clothing/joggers) [Black Friday Sale](/uk/black-friday-sale) [World Vegan Day](/uk/world-vegan-day) [Full Priced Items](/uk/full-priced-items) [Todays Offers](/uk/todays-offers) [Gifts For Men](/uk/gifts-for-men) [Gifts For Women](/uk/gifts-for-women) [Vegan - Vegan Protein Powders](/uk/vegan/vegan-protein-powders) [Vegan - Vegan Protein Bars](/uk/vegan/vegan-protein-bars) [Vegan - Vegan Vitamins](/uk/vegan/vegan-vitamins) [Veganuary](/uk/veganuary) [Stockingfillers](/uk/stockingfillers) [Healthy Breakfast](/uk/healthy-breakfast) [Pancake Day](/uk/pancake-day) [Endurance Goal](/uk/endurance-goal) [Weight Loss Goal](/uk/weight-loss-goal) [Build Muscle Goal](/uk/build-muscle-goal) [Long Term Health Goal](/uk/long-term-health-goal) [Gluten Free Diet](/uk/gluten-free-diet) [Cbd Range](/uk/cbd-range) [Change Your Diet Goal](/uk/change-your-diet-goal) [Vegan Diet - Vegetarian Diet](/uk/vegan-diet/vegetarian-diet) [Bulkeats](/uk/bulkeats) [Code Exclusions](/uk/code-exclusions) [Deal Of The Day](/uk/deal-of-the-day) [Our Favourites](/uk/our-favourites) [Eat Vegan](/uk/eat-vegan) [Vitamins - Vitamin B](/uk/vitamins/vitamin-b) [Vitamins - Vitamin D](/uk/vitamins/vitamin-d) [Vitamins - Vitamin C](/uk/vitamins/vitamin-c) [Vitamins - Vitamin E](/uk/vitamins/vitamin-e) [Vitamins - Minerals](/uk/vitamins/minerals) [Vitamins - Minerals - Magnesium](/uk/vitamins/minerals/magnesium) [Vitamins - Minerals - Zinc](/uk/vitamins/minerals/zinc) [Vitamins - Minerals - Calcium](/uk/vitamins/minerals/calcium) [Vitamins - Minerals - Iron](/uk/vitamins/minerals/iron) [Easter](/uk/easter) [Summer Calling](/uk/summer-calling) [Shop By Sport - Gym](/uk/shop-by-sport/gym) [Shop By Sport - Cycling](/uk/shop-by-sport/cycling) [Shop By Sport - Running](/uk/shop-by-sport/running) [Valentines Day](/uk/valentines-day) [Shop By Sport - Rugby](/uk/shop-by-sport/rugby) [Shop By Sport - Boxing](/uk/shop-by-sport/boxing) [Shop By Sport - Football](/uk/shop-by-sport/football) [Tc Exclusions](/uk/tc-exclusions) [Top Rated Products](/uk/top-rated-products) [Millions](/uk/millions) [Gifts For The Gym Lover](/uk/gifts-for-the-gym-lover) [Gifts For Wellbeing Lovers](/uk/gifts-for-wellbeing-lovers) [Gifts For Vegans](/uk/gifts-for-vegans) [Exclude Extra Uk Codes](/uk/exclude-extra-uk-codes) [Google Shopping Skus](/uk/google-shopping-skus) [Alex Crockford](/uk/alex-crockford) [Gifts For Sports Enthusiasts](/uk/gifts-for-sports-enthusiasts) [Essentials](/uk/essentials) [Search Bulk](/uk/search-bulk) [Georgia Grant](/uk/georgia-grant) [Joanna Lowy](/uk/joanna-lowy) [Alex Cleland](/uk/alex-cleland) [Saffron Barker](/uk/saffron-barker) [Back In Stock](/uk/back-in-stock) [Festive Protein](/uk/festive-protein) [Bulk X Barratt](/uk/bulk-x-barratt) [Festive Foods](/uk/festive-foods) [Pudo Exclusion](/uk/pudo-exclusion) [Superheroes](/uk/superheroes) [Search](/uk/search) [Buy Box Additional Info](/uk/buy-box-additional-info) [Buy Box Delivery](/uk/buy-box-delivery) [Notify Out Of Stock](/uk/notify-out-of-stock) [Offer Terms](/uk/offer-terms) [About](/uk/about) [Affiliates](/uk/affiliates) [Referafriend](/uk/referafriend) [This Is Nutrition](/uk/this-is-nutrition) [Bulk Reviews](/uk/bulk-reviews) [Anthony Joshua](/uk/anthony-joshua) [Sitemap](/uk/sitemap) [Student Discount](/uk/student-discount)

Products
--------

[Pure Whey Protein™](/uk/products/pure-whey-protein/bpb-wpc8-0000) [Acetyl L-Carnitine](/uk/products/acetyl-l-carnitine/bpb-alca-0000) [LiquiFlav™](/uk/products/liquiflav/bp-liqu-50ml) [Arginine Alpha Ketoglutarate](/uk/products/arginine-alpha-ketoglutarate/bpb-aakg-0000) [Vitamin B5 Powder](/uk/products/vitamin-b5/bpb-b5p-0000) [Beta Alanine](/uk/products/beta-alanine/bpb-bala-0000) [Branched Chain Amino Acids](/uk/products/branched-chain-amino-acid-tablets/bpb-bcaa) [Caffeine 200mg 100 Tablets](/uk/products/caffeine-tablets/bpb-caff-t000) [Citrulline Malate](/uk/products/citrulline-malate/bpb-cmal-0000) [Creatine Monohydrate Powder](/uk/products/creatine-monohydrate/bpb-cmon-0000) [Co Enzyme Q10 (CoQ10)](/uk/products/co-enzyme-q10-coq10/bpb-coq-0000) [D Aspartic Acid](/uk/products/d-aspartic-acid/bpb-daa-0000) [Dextrose](/uk/products/dextrose/bpb-dext-0000) [D Ribose](/uk/products/d-ribose/bpb-drib-0000) [Essential Amino Acids](/uk/products/essential-amino-acids/bpb-eaa-0000) [Organic Flaxseed Powder](/uk/products/flaxseed-powder/bpb-flax-0000) [Glutamine Peptides](/uk/products/glutamine-peptides/bpb-gpep-0000) [Glucosamine Sulphate Powder](/uk/products/glucosamine-sulphate/bpb-gsul-0000) [Green Tea Extract](/uk/products/green-tea-extract-powder/bpb-gtea-0000) [HMB Powder](/uk/products/hmb-powder-2/bpb-hmb-0000) [Inositol](/uk/products/inositol/bpb-inos-0000) [Glutamine Powder](/uk/products/glutamine-powder/bpb-lglu-0000) [Glycine](/uk/products/glycine/bpb-lgly-0000) [Leucine](/uk/products/leucine/bpb-lleu-0000) [Tryptophan](/uk/products/tryptophan/bpb-ltry-0000) [Tyrosine](/uk/products/tyrosine/bpb-ltyr-0000) [Maltodextrin](/uk/products/maltodextrin/bpb-malt-0000) [Methyl Sulfonyl Methane](/uk/products/msm-methyl-sulfonyl-methane/bpb-msm-0000) [N Acetyl L Cysteine (NAC)](/uk/products/n-acetyl-l-cysteine-nac/bpb-nac-0000) [Omega 3 6 9 Softgels 1000mg](/uk/products/omega-3-6-9-softgels/bpb-o369-0000) [Ultra Fine Oats](/uk/products/ultra-fine-scottish-oats/bpb-oats-0000) [Psyllium Husk Powder](/uk/products/psyllium-husks-powder/bpb-phus-0000) [Resveratrol Powder (99% Trans-Resveratrol)](/uk/products/resveratrol-powder-99-trans-resveratrol/bpb-resv-0000) [Raspberry Ketones 100g](/uk/products/raspberry-ketones-1/bpb-rket-0000-0100) [Pea Protein Isolate](/uk/products/super-pea-protein-isolate/bpb-sppi-0000) [Taurine](/uk/products/taurine/bpb-taur-0000) [Pure Whey Isolate™ 97](/uk/products/pure-whey-isolate-97/bpb-uwpi-0000) [Pure Whey Isolate™](/uk/products/pure-whey-isolate-90/bpb-wpi9-0000) [Cissus Quadrangularis](/uk/products/cissus-quadrangularis/uspl-cq11-0000) [Creatine Monohydrate (Creapure®️)](/uk/products/creapure-creatine-monohydrate/bpb-crea-0000) [Grape Seed Extract](/uk/products/grape-seed-extract/bpb-gsee-0000) [Vitargo](/uk/products/vitargo/bpb-vigo-0000) [Gelatin Capsules](/uk/products/gelatin-capsules/bpb-gcap-0000) [Vegetarian Capsules](/uk/products/vegetarian-capsules/bpb-vcap-0000) [All In One Recovery](/uk/products/complete-all-in-one/bble-cai1) [Mass Gainer](/uk/products/complete-mass-gainer/bble-cmas) [Peanut Butter](/uk/products/peanut-butter-1kg/bpf-pbut) [Cissus Quadrangularis Capsules](/uk/products/cissus-quadrangularis-capsules-800mg/uspl-cq11-c000) [Vitamin C Tablets](/uk/products/vitamin-c-tablets-1000mg/bpb-vitc-t000) [Alpha Lipoic Acid Capsules](/uk/products/alpha-lipoic-acid-capsules/bpb-ala-0000) [ZMA® Capsules 810mg](/uk/products/zma-capsules/bpb-zma-0000) [Omega 3 Fish Oils](/uk/products/omega-3-fish-oil-softgels/bpb-omg3-0000) [Super Strength Omega 3](/uk/products/super-strength-omega-3-softgels/bpb-o3ss-0000) [Krill Oil Softgels](/uk/products/krill-oil-softgels/bpb-koil-0000) [Conjugated Linoleic Acid Softgels](/uk/products/cla-conjugated-linoleic-acid-softgels/bpb-cla-0000) [Almond Butter](/uk/products/roasted-almond-butter/bpf-abut) [Spirulina Powder](/uk/products/spirulina-powder/bpb-spir-0000) [Glucosamine Sulphate Tablets 1000mg](/uk/products/glucosamine-sulphate-tablets-1000mg/bpb-gsul-1000) [Colostrum](/uk/products/colostrum/bpb-colo-0000) [Soya Protein Isolate](/uk/products/soya-protein-isolate-90/bpb-spi9-0000) [Vitamin D3 Tablets](/uk/products/vitamin-d3-tablets/bpb-vd3t-0000) [Vitamin E Softgels 400iu](/uk/products/vitamin-e-softgels-400iu/bpb-vite-0000) [High Protein Biltong](/uk/products/high-protein-biltong/bpf-bilt) [Complete Nitric Oxide™](/uk/products/complete-nitric-oxide/bble-cnox) [Complete Stimulant™](/uk/products/complete-stimulant/bble-csti) [Trimethylglycine Powder (TMG)](/uk/products/trimethylglycine/bpb-tmg-0000) [DMAE Powder](/uk/products/dmae-powder/bpb-dmae-0000) [Brown Rice Protein](/uk/products/brown-rice-protein-80/bpb-brp8-0000) [Hydration Drink](/uk/products/complete-hydration-drink/bble-chyd) [L Arginine](/uk/products/l-arginine/bpb-larg-0000) [Magnesium Bisglycinate Tablets](/uk/products/magnesium-bisglycinate-tablets/bpb-magb-0000) [B Vitamin Complex Tablets](/uk/products/b-vitamin-complex-tablets/bpb-bvit-0000) [Cashew Butter](/uk/products/cashew-butter/bpf-cbut) [Pistachio Butter](/uk/products/pistachio-butter/bpf-pisb) [Creatine HCL](/uk/products/creatine-hcl/bpb-chcl-0000) [Guarana Capsules 400mg](/uk/products/guarana-capsules-400mg/bpb-guar-0000) [L Carnitine L Tartrate Capsules](/uk/products/l-carnitine-l-tartrate-capsules-1000mg/bpb-lclt-0000) [Complete Multivitamin Complex™](/uk/products/complete-multivitamin-complex/bble-cmvc) [Thermogenic Stimulant Free](/uk/products/complete-thermogenic-stimulant-free/bble-ctsf) [Complete T-Booster™](/uk/products/complete-t-booster/bble-ctbo) [Complete Thermogenic™](/uk/products/complete-thermogenic/bble-cthe) [Instant BCAA](/uk/products/instantised-bcaa/bpb-ibca-0000) [Complete Anti-E™](/uk/products/complete-anti-estrogen/bble-cant) [Glucomannan Powder](/uk/products/glucomannan-konjac-powder/bpb-gman-0000) [Medium Chain Triglycerides](/uk/products/medium-chain-triglycerides/bpb-mct-0000) [Cod Liver Oil Softgels](/uk/products/cod-liver-oil-softgels/bpb-clo-0000) [OptiZinc Tablets](/uk/products/optizinc-tablets/bpb-ozin-0000) [Complete Intra-Workout™](/uk/products/complete-intra-workout/bble-ciwo) [Pre-Workout Gel](/uk/products/complete-pre-workout-gels/bble-cpre-gels) [Garlic Extract Tablets](/uk/products/garlic-extract-tablets-1000mg/bpb-garl-0000) [Cranberry Extract Tablets 400mg](/uk/products/cranberry-extract-tablets-400mg/bpb-cran-0000) [Sucralose](/uk/products/sucralose/bmat-sucr-0000) [Super Strength Green Tea](/uk/products/super-strength-green-tea-capsules-450mg/bpb-gt95-0000) [Pre-Workout ADVANCED](/uk/products/complete-pre-workout-advanced/bble-cpad) [Xylitol](/uk/products/xylitol/bpb-xyli-0000) [Calcium + Vitamin D3 + Vitamin K1 Capsules 1000mg](/uk/products/calcium-vitamin-d3-vitamin-k1-capsules-1000mg/bpb-cvdk-0000) [Vitamin B12 Tablets 1000mcg](/uk/products/vitamin-b12-tablets-1000-mcg/bpb-vb12-0000) [Informed Whey Protein](/uk/products/informed-whey/bpps-iwhe) [Informed Mass Gainer](/uk/products/informed-mass/bpps-imas) [Dried Cranberries](/uk/products/dried-cranberries/bpf-cran) [Dried Apricots](/uk/products/dried-whole-apricots/bpf-apri-whol) [Dried Goji Berries](/uk/products/dried-goji-berries/bpf-goji) [Raspberry Ketones & Green Coffee Tablets 200mg](/uk/products/raspberry-ketones-green-coffee-tablets-200mg/bpb-rkgc-0000) [Cutting Edge™](/uk/products/cutting-edge/bpps-cedg) [Spinach Powder](/uk/products/spinach-powder/bpb-spin-0000) [Broccoli Powder](/uk/products/broccoli-powder/bpb-broc-0000) [Glucosamine & Chondroitin 700mg](/uk/products/glucosamine-chondroitin-capsules-700mg/bpb-gcho-0000) [Complete Greens™](/uk/products/complete-greens/bble-cgre) [Recovery Shake](/uk/products/complete-recovery/bble-crec) [Vitamin C Powder](/uk/products/vitamin-c-powder/bpb-vitc-0000) [Kale Powder](/uk/products/kale-powder/bpb-kale-0000) [Beef Protein Isolate 97](/uk/products/beef-protein-isolate-97-hydrobeef/bpb-hbee-0000) [Micellar Casein](/uk/products/micellar-casein/bpb-mpi9-0000) [Breakfast Smoothie](/uk/products/complete-breakfast-protein-smoothie/bble-cbsm) [Chia Seeds](/uk/products/chia-seeds/bpf-chia) [Hyaluronic Acid Tablets](/uk/products/hyaluronic-acid-tablets-150mg/bpb-haci-0000) [Hydrolysed Whey Protein Isolate](/uk/products/hydrolysed-whey-protein-isolate/bpb-hwpi-0000) [Lactase Tablets](/uk/products/lactase-tablets-5000-fcc/bpb-lact-0000) [LactoSpore® Tablets](/uk/products/lactospore-tablets/bpb-lspo-0000) [DigeZyme® Tablets](/uk/products/digezyme-tablets-150mg/bpb-dzym-0000) [Electrolyte Powder](/uk/products/electrolyte-powder/bpb-elec-0000) [Walnut Halves](/uk/products/walnut-halves/bpf-whal) [Whole Brazil Nuts](/uk/products/whole-brazil-nuts/bpf-wbra) [Macadamia Nuts](/uk/products/whole-macadamia-nuts/bpf-wmac) [Whole Almonds](/uk/products/whole-almonds/bpf-walm) [Liquid Chalk 250ml](/uk/products/liquid-chalk-250ml/bace-lcha-0250) [Organic Virgin Coconut Oil](/uk/products/organic-virgin-coconut-oil/bpf-ovco) [PeptoPro®](/uk/products/peptopro/bpb-ppro-0000) [Natural Pure Whey Protein™](/uk/products/natural-pure-whey-protein/bpb-npwp-0000) [Highly Branched Cyclic Dextrin](/uk/products/cluster-dextrin/bpb-cdex-0000) [Protein Porridge Mix](/uk/products/complete-protein-porridge/bble-cppo) [Organic Maca Powder](/uk/products/maca-powder/bpb-maca-0000) [Flaxseed Oil Softgels 1000mg](/uk/products/flaxseed-oil-softgels-1000mg/bpb-flax-s000) [HMB Capsules 500mg](/uk/products/hmb-capsules-500mg/bpb-hmb-c000) [Iron (Ferrous Bisglycinate) Capsules (K-Pure® )](/uk/products/iron-capsules/bpb-iron-0000) [Multivitamin Complex Powder](/uk/products/complete-multivitamin-complex-powder/bble-cmvc-powd) [Sunflower Seeds](/uk/products/sunflower-seeds/bpf-sunf) [Chromium Picolinate Tablets 250mcg](/uk/products/chromium-picolinate-tablets/bpb-cpic-0000) [Dark Chocolate Almond Butter](/uk/products/dark-chocolate-almond-butter/bpf-abut-dcho) [Dark Chocolate Hazelnut Butter](/uk/products/dark-chocolate-hazelnut-butter/bpf-hbut-dcho) [Triple Nut Butter™](/uk/products/triple-nut-butter/bpf-tnut-smoo) [Vitafiber Powder](/uk/products/vitafiber-powder/bpb-vfib-0000) [Stevia Extract Powder](/uk/products/stevia-extract-powder/bpb-stev-0000) [Fish Jerky](/uk/products/fish-jerky/bpf-fjer-cod) [Bee Pollen Powder](/uk/products/bee-pollen-powder/bpb-bpol-0000) [Liquid Egg Whites](/uk/products/liquid-egg-whites/bpf-lew) [Beef Jerky](/uk/products/beef-jerky/bpf-bjer) [Diet Noodles](/uk/products/diet-noodles/bpf-dnoo) [Aftermath Post-Workout Recovery](/uk/products/aftermath/bpps-amat) [Informed™ BCAA](/uk/products/informed-bcaa/bpps-ibca) [Bedtime Protein Shake](/uk/products/complete-bedtime/bble-cbti) [Activated Charcoal Capsules](/uk/products/activated-charcoal-capsules/bpb-acha-0000) [Matcha Green Tea Powder](/uk/products/matcha-green-tea-powder/bpb-matc-0000) [SPORTS MULTI AM:PM™](/uk/products/sports-multi-am-pm/bpps-smul) [L Lysine](/uk/products/l-lysine/bpb-llys-0000) [Lifting Straps](/uk/products/lifting-straps/bace-lstr-blac-ones) [Chocolate Whey Balls™](/uk/products/chocolate-whey-balls/bpf-wpba) [Active Seasonings™](/uk/products/active-seasonings/bpf-asea) [Garcinia Cambogia Capsules 500mg](/uk/products/garcinia-cambogia-capsules-500mg/bpb-gcam-0000) [Coconut Water Powder](/uk/products/coconut-water-powder/bpb-cwat-0000) [Organic Raw Cacao Nibs](/uk/products/organic-raw-cacao-nibs/bpf-rcni) [Natural Pure Whey Isolate™](/uk/products/natural-pure-whey-isolate-90/bpb-npwi) [Organic Moringa Powder](/uk/products/organic-moringa-powder/bpb-mori) [Organic Baobab Powder](/uk/products/organic-baobab-powder/bpb-baob) [Hazelnut Butter](/uk/products/hazelnut-butter/bpf-hbut) [Organic Cacao Powder](/uk/products/organic-cacao-powder/bpb-caca) [4 Seed Peanut Butter](/uk/products/4-seed-peanut-butter/bpf-4spb) [Fruit Nut Seed Mix](/uk/products/fruit-nut-seed-mix/bpf-fnsm) [Creatine Monohydrate Tablets](/uk/products/creatine-monohydrate-tablets-1000mg/bpb-cmon-tabs) [Organic Chlorella Tablets 500mg](/uk/products/organic-chlorella-tablets/bpb-ochl) [Organic Cacao Liquor Buttons](/uk/products/organic-cacao-liquor-buttons/bpf-oclb) [Chocolate Protein Bites™](/uk/products/chocolate-protein-bites/bpf-pbit) [Zero Calorie Syrup™](/uk/products/zero-calorie-syrup/bpf-zcsy) [Cutting Edge™ Protein](/uk/products/cutting-edge-protein/bpps-cepr) [High Protein Cookie](/uk/products/high-protein-cookies/bpf-hpco) [Half Gallon Water Bottle](/uk/products/half-gallon-water-bottle/bace-hgwb) [Weightlifting Belt](/uk/products/weightlifting-belt/bace-lbel) [Training Gloves](/uk/products/training-gloves/bace-tglo) [Cacao Protein Brownie Mix](/uk/products/cacao-protein-brownie-mix/bpf-cpbm) [Inulin](/uk/products/inulin/bpb-inul) [Glucomannan (Konjac) Capsules 500mg](/uk/products/glucomannan-konjac-capsules/bpb-gman-500c) [D Aspartic Acid Capsules 750mg](/uk/products/d-aspartic-acid-capsules/bpb-daa-750c) [Everyday Gym Bag](/uk/products/gym-bag/bace-egba-blac-ones) [Organic Pure Whey Protein™](/uk/products/organic-pure-whey-protein/bpb-owpc) [Diet Rice](/uk/products/diet-rice/bpf-dric) [Diet Pasta 200g](/uk/products/diet-pasta/bpf-dpas) [Coconut Peanut Butter](/uk/products/coconut-peanut-butter/bpf-pbut-cnut) [Premium Knee Sleeves](/uk/products/knee-sleeves/bace-ksle) [Curcumin & Vitamin D Licaps](/uk/products/curcumin-vitamin-d3-capsules/bpb-cuvd) [PROM3GA™](/uk/products/prom3ga/bpps-omg3-0000) [Maca Tablets 500mg](/uk/products/maca-tablets/bpb-maca-500t) [Elevate Zero Pre-Workout](/uk/products/elevate-zero/bpps-elze) [Protein Mug Cake Mix](/uk/products/protein-mug-cake-mix/bpf-pmug) [Gluten Free Ultra Fine Oats](/uk/products/gluten-free-ultra-fine-oats/bpb-oats-gfre) [Organic Turmeric Powder](/uk/products/organic-turmeric-powder/bpb-turm) [Ginkgo Biloba Tablets 6000mg](/uk/products/ginkgo-biloba-tablets-6000mg/bpb-gink-6000) [Super Strength Krill Oil Softgels](/uk/products/super-strength-krill-oil-softgels/bpb-ssko) [Radiance Capsules](/uk/products/radiance-capsules-selenium-biotin/wmn-radi) [Elevate Pre-Workout](/uk/products/elevate/bpps-elev) [MACRO MUNCH™ Protein Bar](/uk/products/macro-munch-protein-bar/mmun-pbar) [Vegan BCAA](/uk/products/vegan-bcaa-powder/vser-vbca) [Vegan All In One](/uk/products/vegan-all-in-one/vser-vai1) [Vegan Mass Gainer](/uk/products/vegan-mass-gainer/vser-vgai) [Vegan Protein Powder](/uk/products/vegan-protein-powder/vser-vppo) [5-HTP Capsules 100mg](/uk/products/5-htp-capsules/bpb-5htp-100c) [DOMINATE™](/uk/products/dominate/bpps-tboo) [MOBILISE™](/uk/products/mobilise-joint-supplement/bpps-join) [PRO CULTURE™](/uk/products/pro-culture-live-culture-blend/bpps-prob) [Himalayan Pink Salt](/uk/products/himalayan-pink-salt/bpf-psal-hima) [Collagen & Vitamin C](/uk/products/collagen-vitamin-c/bpb-coll-vitc) [Protein Clusters™](/uk/products/protein-clusters/bpf-pclu) [Veganbiotic](/uk/products/veganbiotic/vser-prob-14bn) [Vegan Digestive Enzymes](/uk/products/vegan-digestive-enzymes/vser-vdge) [Complete Nootropic™](/uk/products/complete-nootropic/bble-noot) [Collagen Coffee](/uk/products/collagen-coffee/bpf-pcof) [Protein Flapjacks](/uk/products/high-protein-flapjack/bpf-hpfl) [Vegan Protein Brownie](/uk/products/vegan-protein-brownie/vser-vpbr) [Bacopa Monnieri 350mg](/uk/products/bacopa-monnieri-capsules-350mg/bpb-baco-0350) [Super Strength Maca 5000mg](/uk/products/super-strength-maca-capsules-5000mg/bpb-ymac-0500) [Black Maca 4000mg 90 Capsules](/uk/products/black-maca-capsules-4000mg/bpb-bmac-0500) [UC-II® & Vitamin C Capsules](/uk/products/uc-ii-collagen-capsules/bpb-ucii-vitc) [MCT Oil](/uk/products/mct-oil/bpf-mct-0000) [Daily Nootropic Capsules](/uk/products/complete-daily-nootropic/bble-dnoo-0000) [Complete Zen™](/uk/products/complete-zen/bble-noot-zenc) [1™ Complete Food Shake](/uk/products/1-complete-food-shake/bpfs-one) [Premium Lifting Straps](/uk/products/premium-lifting-straps/bace-plst-blac-ones) [Lifting Gloves](/uk/products/lifting-gloves/bace-lglo) [Premium Wrist Wraps](/uk/products/premium-wrist-wraps/bace-pwwr-blac-ones) [Short Resistance Bands](/uk/products/short-resistance-bands/bace-srba) [Foam Roller](/uk/products/foam-roller/bace-frol-blac-ones) [Barbell Squat Pad](/uk/products/barbell-squat-pad/bace-bspa-blac-ones) [8](/uk/products/thick-grips/bace-tgri-blac-ones) [Pill Box](/uk/products/pill-box/bace-pbox-blac-ones) [](/uk/products/classic-shaker-bottle/bace-csbo)[Deluxe™ Steel Shaker Bottle](/uk/products/stainless-steel-shaker/bace-dssb) [Iconic™ Shaker Bottle](/uk/products/iconic-shaker-bottle/bace-isbo-0750) [Mini Iconic™ Shaker Bottle](/uk/products/mini-iconic-shaker-bottle/bace-isbo-0500) [Sports Water Bottle](/uk/products/sports-water-bottle/bace-swbo) [Insulated Steel Water Bottle](/uk/products/insulated-steel-water-bottle/bace-iswb) [Omni Large Backpack](/uk/products/omni-large-backpack/bace-obpa-blac-larg) [XL Iconic™ Shaker Bottle](/uk/products/xl-iconic-shaker-bottle/bace-isbo-1000) [Vegan Protein Blondie](/uk/products/vegan-protein-blondie/vser-vpbr-blon) [Clear Whey Isolate](/uk/products/clear-whey-isolate/bpb-cwhe) [Vegan Vitamin D3 Tablets](/uk/products/vegan-vitamin-d3-tablets/bpb-vevd) [Heart Health Capsules](/uk/products/heart-health-capsules/bble-hear) [Bone Health Capsules](/uk/products/bone-health-capsules/bble-bone) [Eye Health Capsules](/uk/products/eye-health-capsules/bble-eye) [Liver Health Capsules](/uk/products/liver-health-capsules/bble-live) [Blood Glucose Health Capsules](/uk/products/blood-glucose-health-capsules/bble-bsug) [Skin Health Capsules](/uk/products/skin-health-capsules/bble-skin) [Vegan Super Strength Omega 3 Softgels](/uk/products/vegan-super-strength-omega-3-softgels/vser-o3ss) [Bulk™️ × Millions® BCAA](/uk/products/millions-bcaa/bulx-mill-ibca) [Erythritol](/uk/products/erythritol/bpb-eryt) [MACRO MUNCH™ Protein Biscuits](/uk/products/macro-munch-protein-biscuits/mmun-bisc) [Bulk™️ × New Era® 9FIFTY Stretch Snapback](/uk/products/bulk-new-era-9fifty-stretch-snapback/bune-9fss) [Bulk™ × Castore 1/4 Zip](/uk/products/bulk-castore-quarter-zip-midlayer/buca-qzml) [Bulk™ × Castore Hoodie](/uk/products/bulk-castore-hoodie/buca-hood) [MACRO MUNCH™ Protein Peanut Butter Cups](/uk/products/macro-munch-protein-peanut-butter-cups/mmun-pbcu) [Gourmet Vegan Bar](/uk/products/gourmet-vegan-bar/vser-vgba) [Essential Whey Protein](/uk/products/essential-whey-protein/bpb-ewhe) [KSM-66® Ashwagandha Capsules 500mg](/uk/products/ashwagandha-capsules/bpb-ks66-0500) [Powdered Peanut Butter](/uk/products/powdered-peanut-butter/bpf-pbpd) [Brain Health Capsules](/uk/products/brain-health-capsules/bble-brai) [Co Enzyme Q10 Capsules 50mg](/uk/products/co-enzyme-q10-capsules-50mg/bpb-cq10) [Essential Pre-Workout](/uk/products/essential-pre-workout/bble-epwo) [Essential Mass Gainer](/uk/products/essential-mass-gainer/bble-emas) [Antioxidant Complex Capsules](/uk/products/antioxidant-complex-capsules/bble-atox) [Protein Balls](/uk/products/protein-balls/bpf-pbal) [Iconic™ Hoodie](/uk/products/bulk-iconic-hoodie/bulk-hood) [Bulk™️ × Millions®️ Steel Shaker Bottle 750ml](/uk/products/bulktm-x-millions-steel-shaker-bottle-750ml/bulx-mill-sssb) [Protein Pancake Mix](/uk/products/protein-pancake-mix/bble-chpp) [Pre-Workout Caffeine Free](/uk/products/complete-pre-workout-caffeine-free/bble-cpcf) [Vegan Pea Protein Mince](/uk/products/vegan-pea-protein-mince/bpf-vmin) [Protein Ice Cream Mix](/uk/products/protein-ice-cream-mix/bpf-picm-0000) [Joint Restore](/uk/products/complete-joint-restore/bble-cjre) [Diet Udon Noodles](/uk/products/diet-udon-noodles/bpf-duno) [Skipping Rope](/uk/products/skipping-rope/bace-skip-blac-ones) [Yoga Mat](/uk/products/yoga-mat/bace-yoga-cork-ones) [Everyday Lifting Belt](/uk/products/everyday-lifting-belt/bace-nbel) [Elbow Sleeves](/uk/products/elbow-sleeves/bace-esle) [Everyday Water Bottle](/uk/products/everyday-water-bottle/bace-edwb) [Complete Protein Blend™](/uk/products/complete-protein-blend/bble-cpbl) [Lever Buckle Lifting Belt](/uk/products/lever-buckle-lifting-belt/bace-levb-blac) [Biotin Tablets](/uk/products/biotin-tablets/bpb-biot) [Lean Mass Gainer](/uk/products/complete-lean-mass-gainer/bble-clma) [Complete Bio-Culture™](/uk/products/complete-bio-culture/bble-cpro) [Diet Protein Shake](/uk/products/complete-diet-protein-advanced/bble-cdpa) [Acai Berry Powder](/uk/products/acai-berry-powder/bpb-aber-0000)